2019-06,642
2019-06,529
2019-06,3
2019-06,311
2019-06,665
2019-06,4564
2019-06,3721
2019-06,68
2019-06,21
2019-06,288
2019-06,16
2019-06,30
2019-06,207
2019-06,2220
2019-06,16
2019-06,21
2019-06,5
2019-06,28
2019-06,2
2019-06,8
2019-06,7
2019-06,11
2019-06,447
2019-06,284
2019-06,4224
2019-06,2952
2019-06,690
2019-06,128
2019-06,117
2019-06,18
2019-06,10
2019-06,5
2019-06,2220
2019-06,13
2019-06,6
2019-06,4
2019-06,1
2019-06,6
2019-06,4575
2019-06,3007
2019-06,2114
2019-06,13
2019-06,78
2019-06,9
2019-06,195
2019-06,2
2019-06,11
2019-06,560
2019-06,492
2019-06,3613
2019-06,2755
2019-06,205
2019-06,58
2019-06,180
2019-06,11
2019-06,5
2019-06,7
2019-06,1
2019-06,7
2019-06,1
2019-07,745
2019-07,4634
2019-07,2707
2019-07,25
2019-07,101
2019-07,5
2019-07,3
2019-07,2
2019-07,572
2019-07,346
2019-07,445
2019-07,3170
2019-07,3050
2019-07,317
2019-07,205
2019-07,89
2019-07,54
2019-07,40
2019-07,45
2019-07,550
2019-07,891
2019-07,78
2019-07,7
2019-07,2
2019-07,252
2019-07,488
2019-07,4802
2019-07,13
2019-07,67
2019-07,2
2019-07,4
2019-07,1
2019-07,2
2019-07,6
2019-07,1
2019-07,1
2019-07,194
2019-07,435
2019-07,367
2019-07,614
2019-07,37
2019-07,727
2019-07,3659
2019-07,39
2019-07,4
2019-07,15
2019-07,56
2019-07,4
2019-07,2
2019-07,1
2019-07,753
2019-07,17
2019-07,648
2019-08,503
2019-08,4344
2019-08,25
2019-08,37
2019-08,235
2019-08,6
2019-08,195
2019-08,79
2019-08,19
2019-08,10
2019-08,10
2019-08,1
2019-08,2
2019-08,30
2019-08,634
2019-08,873
2019-08,745
2019-08,513
2019-08,3735
2019-08,3135
2019-08,2765
2019-08,2745
2019-08,1240
2019-08,155
2019-08,150
2019-08,68
2019-08,1490
2019-08,10
2019-08,428
2019-08,891
2019-08,16
2019-08,36
2019-08,2
2019-08,1
2019-08,3
2019-08,669
2019-08,3869
2019-08,512
2019-08,263
2019-08,81
2019-08,781
2019-08,685
2019-08,3458
2019-08,2883
2019-08,2404
2019-08,2307
2019-08,23
2019-08,17
2019-08,15
2019-08,69
2019-08,3
2019-08,4
2019-08,8
2019-08,6
2019-08,1
2019-08,8
2019-08,2998
2019-08,19
2019-08,494
2019-08,3336
2019-08,2293
2019-08,25
2019-08,1490
2019-08,77
2019-08,1033
2019-08,18
2019-08,32
2019-08,2
2019-08,31
2019-08,767
2019-08,1
2019-08,381
2019-08,135
2019-08,970
2019-08,922
2019-08,371
2019-08,322
2019-08,42
2019-08,485
2019-08,31
2019-08,36
2019-08,2
2019-09,661
2019-09,3
2019-09,81
2019-09,4570
2019-09,195
2019-09,10
2019-09,247
2019-09,11
2019-09,6
2019-09,23
2019-09,1
2019-09,5
2019-09,217
2019-09,499
2019-09,781
2019-09,517
2019-09,3525
2019-09,2542
2019-09,111
2019-09,36
2019-09,13
2019-09,50
2019-09,1033
2019-09,4
2019-09,10
2019-09,31
2019-09,2
2019-09,3
2019-09,7
2019-09,1
2019-09,2
2019-09,12
2019-09,627
2019-09,179
2019-09,667
2019-09,610
2019-09,701
2019-09,7
2019-09,3618
2019-09,3460
2019-09,3548
2019-09,100
2019-09,32
2019-09,22
2019-09,13
2019-09,11
2019-09,66
2019-09,11
2019-09,37
2019-09,11
2019-09,669
2019-09,1586
2019-09,110
2019-09,4248
2019-09,1627
2019-09,105
2019-09,30
2019-09,30
2019-09,5
2019-09,10
2019-09,3
2019-09,40
2019-09,2
2019-09,1
2019-09,1
2019-09,239
2019-09,750
2019-09,102
2019-10,83
2019-10,497
2019-10,305
2019-10,1
2019-10,4374
2019-10,1627
2019-10,231
2019-10,21
2019-10,19
2019-10,4
2019-10,266
2019-10,22
2019-10,20
2019-10,7
2019-10,1
2019-10,1
2019-10,297
2019-10,546
2019-10,655
2019-10,53
2019-10,125
2019-10,4107
2019-10,3642
2019-10,2332
2019-10,194
2019-10,106
2019-10,10
2019-10,3
2019-10,2001
2019-10,10
2019-10,1
2019-10,1
2019-10,682
2019-10,438
2019-10,2
2019-10,788
2019-10,3
2019-10,3820
2019-10,3468
2019-10,47
2019-10,12
2019-10,978
2019-10,1173
2019-10,2
2019-10,36
2019-10,11
2019-10,10
2019-10,459
2019-10,541
2019-10,722
2019-10,6
2019-10,2675
2019-10,2062
2019-10,1082
2019-10,372
2019-10,553
2019-10,315
2019-10,117
2019-10,3
2019-10,11
2019-10,13
2019-10,200
2019-10,8
2019-10,447
2019-10,768
2019-10,490
2019-10,383
2019-10,383
2019-10,810
2019-10,784
2019-10,2
2019-11,4086
2019-11,2844
2019-11,2186
2019-11,1342
2019-11,978
2019-11,5
2019-11,1
2019-11,11
2019-11,3
2019-11,684
2019-11,471
2019-11,789
2019-11,494
2019-11,3855
2019-11,3454
2019-11,3242
2019-11,3185
2019-11,88
2019-11,29
2019-11,1173
2019-11,460
2019-11,4
2019-11,3
2019-11,5
2019-11,2001
2019-11,2
2019-11,18
2019-11,1
2019-11,4
2019-11,681
2019-11,459
2019-11,121
2019-11,692
2019-11,500
2019-11,677
2019-11,3746
2019-11,3452
2019-11,2454
2019-11,277
2019-11,65
2019-11,13
2019-11,570
2019-11,2
2019-11,10
2019-11,2
2019-11,21
2019-11,22
2019-11,5
2019-11,752
2019-11,383
2019-11,399
2019-11,288
2019-11,388
2019-11,36
2019-11,10
2019-11,4440
2019-11,3491
2019-11,2665
2019-11,116
2019-11,2112
2019-11,10
2019-11,3
2019-11,1
2019-11,15
2019-11,2
2019-11,4
2019-11,186
2019-11,766
2019-11,766
2019-11,556
2019-11,3461
2019-11,1715
2019-11,3
2019-11,28
2019-11,8
2019-11,6
2019-12,660
2019-12,106
2019-12,3
2019-12,2337
2019-12,488
2019-12,175
2019-12,160
2019-12,133
2019-12,130
2019-12,12
2019-12,2112
2019-12,3
2019-12,334
2019-12,1
2019-12,13
2019-12,3
2019-12,623
2019-12,679
2019-12,516
2019-12,4227
2019-12,2625
2019-12,2502
2019-12,78
2019-12,2686
2019-12,151
2019-12,23
2019-12,1721
2019-12,3
2019-12,2
2019-12,401
2019-12,284
2019-12,737
2019-12,18
2019-12,4406
2019-12,3380
2019-12,1721
2019-12,18
2019-12,294
2019-12,3502
2019-12,3308
2019-12,125
2019-12,76
2019-12,3987
2019-12,182
2019-12,2686
2019-12,2457
2019-12,3
2019-12,766
2019-12,127
2020-01,2642
2020-01,2
2020-01,31
2020-01,692
2020-01,597
2020-01,3081
2020-01,2791
2020-01,300
2020-01,100
2020-01,3987
2020-01,69
2020-01,2457
2020-01,1
2020-01,1020
2020-01,4155
2020-01,3775
2020-01,7
2020-01,13
2020-01,23
2020-01,651
2020-01,143
2020-01,534
2020-01,2571
2020-01,2675
2020-01,617
2020-01,102
2020-01,81
2020-01,9
2020-01,22
2020-01,35
2020-01,3049
2020-01,3007
2020-01,536
2020-01,53
2020-01,25
2020-01,45
2020-01,21
2020-01,2
2020-02,4236
2020-02,29
2020-02,395
2020-02,23
2020-02,2
2020-02,6
2020-02,650
2020-02,9
2020-02,330
2020-02,8
2020-02,71
2020-02,4198
2020-02,2784
2020-02,2516
2020-02,2311
2020-02,85
2020-02,68
2020-02,11
2020-02,10
2020-02,9
2020-02,35
2020-02,22
2020-02,19
2020-02,2
2020-02,2
2020-02,23
2020-02,4
2020-02,807
2020-02,605
2020-02,472
2020-02,3914
2020-02,2151
2020-02,1900
2020-02,350
2020-02,30
2020-02,84
2020-02,25
2020-02,10
2020-02,1732
2020-02,29
2020-02,152
2020-02,373
2020-02,2
2020-02,3
2020-02,4
2020-02,5
2020-02,1231
2020-02,3636
2020-02,1900
2020-02,19
2020-02,109
2020-02,165
2020-02,596
2020-02,8
2020-02,2
2020-02,23
2020-02,5
2020-02,4
2020-03,4310
2020-03,2718
2020-03,265
2020-03,162
2020-03,80
2020-03,19
2020-03,132
2020-03,1732
2020-03,15
2020-03,25
2020-03,6
2020-03,39
2020-03,3
2020-03,2
2020-03,6
2020-03,1
2020-03,5
2020-03,1
2020-03,3
2020-03,42
2020-03,519
2020-03,3250
2020-03,3028
2020-03,2861
2020-03,20
2020-03,18
2020-03,9
2020-03,4
2020-03,3
2020-03,2
2020-03,1
2020-03,278
2020-03,33
2020-03,2
2020-03,1
2020-04,1
2020-04,5
2020-05,99
2020-05,9
2020-05,4
2020-05,10
2020-05,5
